Workbook

Sheet Ringkasan
A1: LOGO PEMDA | C1: PEMERINTAH KABUPATEN/KOTA ...........
C2: DINAS KOMUNIKASI DAN INFORMATIKA
C3: Jalan ..........................., Telp. (....) ......., Email: diskominfo@...........go.id, Website: diskominfo...........go.id
A7: LAPORAN ANALISIS CAPAIAN PEMDI
A8: (Pemerintahan Digital Indonesia)
A10: Nama Instansi | B10: Diisi sesuai nama instansi
A11: Tahun Penilaian | B11: 2026
A13: No | B13: Aspek | C13: Bobot (%) | D13: Rata-rata Nilai Capaian | E13: Jumlah Indikator
A14: 1 | B14: Tata Kelola dan Manajemen | C14: 10 | D14: =IFERROR(SUMPRODUCT((Indikator!$B$10:$B$29=B14)*Indikator!$D$10:$D$29*Indikator!$E$10:$E$29)/C14,0) -> 0 | E14: =COUNTIF(Indikator!$B$10:$B$29,B14) -> 2
A15: 2 | B15: Penyelenggara | C15: 10 | D15: =IFERROR(SUMPRODUCT((Indikator!$B$10:$B$29=B15)*Indikator!$D$10:$D$29*Indikator!$E$10:$E$29)/C15,0) -> 0 | E15: =COUNTIF(Indikator!$B$10:$B$29,B15) -> 2
A16: 3 | B16: Data | C16: 15 | D16: =IFERROR(SUMPRODUCT((Indikator!$B$10:$B$29=B16)*Indikator!$D$10:$D$29*Indikator!$E$10:$E$29)/C16,0) -> 0 | E16: =COUNTIF(Indikator!$B$10:$B$29,B16) -> 4
A17: 4 | B17: Keamanan Pemerintah Digital Siber | C17: 15 | D17: =IFERROR(SUMPRODUCT((Indikator!$B$10:$B$29=B17)*Indikator!$D$10:$D$29*Indikator!$E$10:$E$29)/C17,0) -> 0 | E17: =COUNTIF(Indikator!$B$10:$B$29,B17) -> 4
A18: 5 | B18: Teknologi Digital | C18: 10 | D18: =IFERROR(SUMPRODUCT((Indikator!$B$10:$B$29=B18)*Indikator!$D$10:$D$29*Indikator!$E$10:$E$29)/C18,0) -> 0 | E18: =COUNTIF(Indikator!$B$10:$B$29,B18) -> 2
A19: 6 | B19: Keterpaduan Layanan Digital Pemerintah | C19: 15 | D19: =IFERROR(SUMPRODUCT((Indikator!$B$10:$B$29=B19)*Indikator!$D$10:$D$29*Indikator!$E$10:$E$29)/C19,0) -> 0 | E19: =COUNTIF(Indikator!$B$10:$B$29,B19) -> 4
A20: 7 | B20: Kepuasan Pengguna Layanan Digital Pemerintah | C20: 25 | D20: =IFERROR(SUMPRODUCT((Indikator!$B$10:$B$29=B20)*Indikator!$D$10:$D$29*Indikator!$E$10:$E$29)/C20,0) -> 0 | E20: =COUNTIF(Indikator!$B$10:$B$29,B20) -> 2
A21: TOTAL / NILAI AKHIR PEMDI | C21: =SUM(C14:C20) -> 100 | D21: =SUMPRODUCT(C14:C20,D14:D20)/C21 -> 0 | E21: =SUM(E14:E20) -> 20
A23: Keterangan:
A24: - Sel berwarna kuning adalah sel yang dapat/perlu diisi oleh pengguna.
A25: - Kolom 'Rata-rata Nilai Capaian' dan 'Jumlah Indikator' terhubung otomatis (formula) ke sheet 'Indikator'; nilai per indikator diisi pada sheet 'Indikator'.
A26: - Bobot tiap Aspek = total bobot indikator penyusunnya (lihat sheet 'Indikator').
A27: - Nama & bobot indikator mengacu pada Permenpan RB No. 8 Tahun 2026 tentang Evaluasi Kinerja Pemerintah Digital; untuk Aspek Teknologi Digital, Keterpaduan Layanan Digital, dan Kepuasan Pengguna, nama/pembagian bobot indikator bersifat estimasi dan agar disesuaikan dengan pedoman resmi/instrumen penilaian terbaru dari instansi pembina.

Sheet Indikator
A1: LOGO PEMDA | C1: PEMERINTAH KABUPATEN/KOTA ...........
C2: DINAS KOMUNIKASI DAN INFORMATIKA
C3: Jalan ..........................., Telp. (....) ......., Email: diskominfo@...........go.id, Website: diskominfo...........go.id
A7: DETAIL INDIKATOR PENILAIAN PEMDI
A9: No | B9: Aspek | C9: Indikator | D9: Bobot (%) | E9: Nilai Capaian | F9: Nilai Tertimbang
A10: 1 | B10: Tata Kelola dan Manajemen | C10: Tata Kelola Pemerintah Digital | D10: 5 | E10: 0 | F10: =D10*E10/100 -> 0
A11: 2 | B11: Tata Kelola dan Manajemen | C11: Manajemen Layanan Digital Pemerintah | D11: 5 | E11: 0 | F11: =D11*E11/100 -> 0
A12: 3 | B12: Penyelenggara | C12: Kompetensi SDM Digital | D12: 5 | E12: 0 | F12: =D12*E12/100 -> 0
A13: 4 | B13: Penyelenggara | C13: Kolaborasi Pemerintah Digital | D13: 5 | E13: 0 | F13: =D13*E13/100 -> 0
A14: 5 | B14: Data | C14: Tata Kelola Data | D14: 4 | E14: 0 | F14: =D14*E14/100 -> 0
A15: 6 | B15: Data | C15: Informasi Geospasial | D15: 4 | E15: 0 | F15: =D15*E15/100 -> 0
A16: 7 | B16: Data | C16: Statistik Sektoral | D16: 4 | E16: 0 | F16: =D16*E16/100 -> 0
A17: 8 | B17: Data | C17: Pelindungan Data Pribadi (PDP) | D17: 3 | E17: 0 | F17: =D17*E17/100 -> 0
A18: 9 | B18: Keamanan Pemerintah Digital Siber | C18: Audit Keamanan | D18: 4 | E18: 0 | F18: =D18*E18/100 -> 0
A19: 10 | B19: Keamanan Pemerintah Digital Siber | C19: Keamanan Siber | D19: 4 | E19: 0 | F19: =D19*E19/100 -> 0
A20: 11 | B20: Keamanan Pemerintah Digital Siber | C20: Penerapan Kriptografi | D20: 4 | E20: 0 | F20: =D20*E20/100 -> 0
A21: 12 | B21: Keamanan Pemerintah Digital Siber | C21: Penanganan Insiden Siber | D21: 3 | E21: 0 | F21: =D21*E21/100 -> 0
... A29: 20 | B29: Kepuasan Pengguna Layanan Digital Pemerintah | C29: Rating dan Ulasan Layanan Digital | D29: 12 | E29: 0 | F29: =D29*E29/100 -> 0
A30: TOTAL | D30: =SUM(D10:D29) -> 100 | F30: =SUM(F10:F29) -> 0
A32: Keterangan:
A33: - Kolom 'Nilai Capaian' (kuning) diisi oleh pengguna dengan skor hasil penilaian mandiri/verifikasi untuk masing-masing indikator (skala sesuai instrumen resmi, contoh 0-4 atau 0-100).
A34: - Kolom 'Nilai Tertimbang' = Bobot x Nilai Capaian / 100, dihitung otomatis.
A35: - Total bobot indikator per Aspek telah disesuaikan agar sama dengan bobot Aspek pada sheet 'Ringkasan'.
A36: - Baris contoh: nilai 0.00 adalah nilai awal/placeholder mengikuti data sumber; ganti dengan hasil penilaian sebenarnya.
